,Team,Result,Opposition,Ground,Date
163,West Indies,lost,Bangladesh,Dhaka,2011-10-11
164,Australia,won,South Africa,Cape Town,2011-10-13
165,New Zealand,won,Zimbabwe,Harare,2011-10-15
166,Australia,lost,South Africa,Johannesburg,2011-10-16
167,New Zealand,won,Zimbabwe,Harare,2011-10-17
168,England,won,India,Kolkata,2011-10-29
169,Pakistan,won,Sri Lanka,Abu Dhabi,2011-11-25
170,Pakistan,won,Bangladesh,Dhaka,2011-11-29
171,Australia,won,India,Sydney,2012-02-01
172,Australia,lost,India,Melbourne,2012-02-03
173,New Zealand,won,Zimbabwe,Auckland,2012-02-11
174,New Zealand,won,Zimbabwe,Hamilton,2012-02-14
175,New Zealand,won,South Africa,Wellington,2012-02-17
176,New Zealand,lost,South Africa,Hamilton,2012-02-19
177,Ireland,won,Kenya,Mombasa,2012-02-22
178,New Zealand,lost,South Africa,Auckland,2012-02-22
179,Ireland,won,Kenya,Mombasa,2012-02-23
180,Pakistan,won,England,Dubai (DSC),2012-02-23
181,Ireland,won,Kenya,Mombasa,2012-02-24
182,Pakistan,lost,England,Dubai (DSC),2012-02-25
183,Pakistan,lost,England,Abu Dhabi,2012-02-27
184,Scotland,won,Kenya,ICCA Dubai,2012-03-13
185,Netherlands,won,Canada,Dubai (DSC),2012-03-13
186,Afghanistan,won,Netherlands,Dubai (DSC),2012-03-14
187,Afghanistan,won,Canada,ICCA Dubai,2012-03-18
188,Scotland,lost,Ireland,Dubai (DSC),2012-03-18
189,Ireland,won,Canada,Dubai (DSC),2012-03-22
190,Scotland,lost,Netherlands,ICCA Dubai,2012-03-22
191,Scotland,won,Canada,Dubai (DSC),2012-03-23
192,Afghanistan,lost,Ireland,Dubai (DSC),2012-03-24
193,West Indies,lost,Australia,Gros Islet,2012-03-27
194,South Africa,won,India,Johannesburg,2012-03-30
195,West Indies,won,Australia,Bridgetown,2012-03-30
196,Pakistan,lost,Sri Lanka,Hambantota,2012-06-01
197,Pakistan,won,Sri Lanka,Hambantota,2012-06-03
198,West Indies,lost,England,Nottingham,2012-06-24
199,West Indies,won,New Zealand,Lauderhill,2012-06-30
200,West Indies,won,New Zealand,Lauderhill,2012-07-01
201,Ireland,lost,Bangladesh,Belfast,2012-07-18
202,Ireland,lost,Bangladesh,Belfast,2012-07-20
203,Ireland,lost,Bangladesh,Belfast,2012-07-21
204,Scotland,won,Bangladesh,The Hague,2012-07-24
205,Netherlands,lost,Bangladesh,The Hague,2012-07-25
206,Netherlands,won,Bangladesh,The Hague,2012-07-26
207,Sri Lanka,lost,India,Pallekele,2012-08-07
208,Pakistan,won,Australia,Dubai (DSC),2012-09-05
209,Pakistan,tied,Australia,Dubai (DSC),2012-09-07
210,England,lost,South Africa,Chester-le-Street,2012-09-08
211,Pakistan,lost,Australia,Dubai (DSC),2012-09-10
212,New Zealand,won,India,Chennai,2012-09-11
213,England,won,South Africa,Birmingham,2012-09-12
214,Sri Lanka,won,Zimbabwe,Hambantota,2012-09-18
215,Afghanistan,lost,India,Colombo (RPS),2012-09-19
216,South Africa,won,Zimbabwe,Hambantota,2012-09-20
217,New Zealand,won,Bangladesh,Pallekele,2012-09-21
218,Afghanistan,lost,England,Colombo (RPS),2012-09-21
219,Sri Lanka,lost,South Africa,Hambantota,2012-09-22
220,West Indies,lost,Australia,Colombo (RPS),2012-09-22
221,Pakistan,won,New Zealand,Pallekele,2012-09-23
222,England,lost,India,Colombo (RPS),2012-09-23
223,Pakistan,won,Bangladesh,Pallekele,2012-09-25
224,West Indies,won,England,Pallekele,2012-09-27
225,Pakistan,won,South Africa,Colombo (RPS),2012-09-28
226,West Indies,lost,Sri Lanka,Pallekele,2012-09-29
227,Pakistan,lost,India,Colombo (RPS),2012-09-30
228,West Indies,tied,New Zealand,Pallekele,2012-10-01
229,Pakistan,won,Australia,Colombo (RPS),2012-10-02
230,Pakistan,lost,Sri Lanka,Colombo (RPS),2012-10-04
231,West Indies,won,Australia,Colombo (RPS),2012-10-05
232,West Indies,won,Sri Lanka,Colombo (RPS),2012-10-07
233,West Indies,won,Bangladesh,Dhaka,2012-12-10
234,England,lost,India,Pune,2012-12-20
235,New Zealand,lost,South Africa,Durban,2012-12-21
236,England,won,India,Mumbai,2012-12-22
237,New Zealand,won,South Africa,East London,2012-12-23
238,Pakistan,won,India,Bengaluru,2012-12-25
239,New Zealand,lost,South Africa,Port Elizabeth,2012-12-26
240,Pakistan,lost,India,Ahmedabad,2012-12-28
241,Australia,lost,Sri Lanka,Sydney,2013-01-26
242,Australia,lost,Sri Lanka,Melbourne,2013-01-28
243,New Zealand,lost,England,Auckland,2013-02-09
244,New Zealand,won,England,Hamilton,2013-02-12
245,West Indies,won,Australia,Brisbane,2013-02-13
246,New Zealand,lost,England,Wellington,2013-02-15
247,West Indies,won,Zimbabwe,North Sound,2013-03-02
248,West Indies,won,Zimbabwe,North Sound,2013-03-03
249,Afghanistan,won,Scotland,Sharjah,2013-03-03
250,Pakistan,won,South Africa,Centurion,2013-03-03
251,Afghanistan,won,Scotland,Sharjah,2013-03-04
252,Bangladesh,lost,Sri Lanka,Pallekele,2013-03-31
253,Netherlands,lost,Kenya,Windhoek,2013-04-19
254,Netherlands,lost,Kenya,Windhoek,2013-04-20
255,Bangladesh,lost,Zimbabwe,Bulawayo,2013-05-11
256,Bangladesh,won,Zimbabwe,Bulawayo,2013-05-12
257,New Zealand,won,England,The Oval,2013-06-25
258,Scotland,won,Kenya,Aberdeen,2013-07-04
259,Scotland,won,Kenya,Aberdeen,2013-07-05
260,Pakistan,won,West Indies,Kingstown,2013-07-27
261,Pakistan,won,West Indies,Kingstown,2013-07-28
262,Sri Lanka,lost,South Africa,Colombo (RPS),2013-08-02
263,Sri Lanka,lost,South Africa,Hambantota,2013-08-04
264,Sri Lanka,won,South Africa,Hambantota,2013-08-06
265,Pakistan,won,Zimbabwe,Harare,2013-08-23
266,Pakistan,won,Zimbabwe,Harare,2013-08-24
267,England,lost,Australia,Southampton,2013-08-29
268,England,won,Australia,Chester-le-Street,2013-08-31
269,Afghanistan,won,Kenya,Sharjah,2013-09-30
270,Australia,lost,India,Rajkot,2013-10-10
271,Afghanistan,lost,Kenya,Sharjah,2013-10-11
272,New Zealand,won,Bangladesh,Dhaka,2013-11-06
273,Pakistan,lost,South Africa,Dubai (DSC),2013-11-13
274,Afghanistan,lost,Netherlands,Sharjah,2013-11-15
275,Pakistan,lost,South Africa,Dubai (DSC),2013-11-15
276,Afghanistan,won,Scotland,Sharjah,2013-11-16
277,Ireland,won,Canada,Abu Dhabi,2013-11-16
278,Scotland,lost,Kenya,ICCA Dubai,2013-11-19
279,Pakistan,lost,South Africa,Johannesburg,2013-11-20
280,New Zealand,lost,Sri Lanka,Pallekele,2013-11-21
281,Pakistan,won,South Africa,Cape Town,2013-11-22
282,Scotland,won,Netherlands,ICCA Dubai,2013-11-22
283,Netherlands,won,Kenya,ICCA Dubai,2013-11-23
284,Afghanistan,won,Kenya,Sharjah,2013-11-24
285,Scotland,lost,Netherlands,Abu Dhabi,2013-11-28
286,Afghanistan,lost,Ireland,Abu Dhabi,2013-11-30
287,Pakistan,won,Afghanistan,Sharjah,2013-12-08
288,Pakistan,won,Sri Lanka,Dubai (DSC),2013-12-11
289,Pakistan,lost,Sri Lanka,Dubai (DSC),2013-12-13
290,West Indies,lost,New Zealand,Auckland,2014-01-11
291,West Indies,lost,New Zealand,Wellington,2014-01-15
292,England,lost,Australia,Hobart,2014-01-29
293,England,lost,Australia,Melbourne,2014-01-31
294,England,lost,Australia,Sydney,2014-02-02
295,Bangladesh,lost,Sri Lanka,Chattogram,2014-02-12
296,Bangladesh,lost,Sri Lanka,Chattogram,2014-02-14
297,West Indies,lost,Ireland,Kingston,2014-02-19
298,West Indies,won,Ireland,Kingston,2014-02-21
299,West Indies,won,England,Bridgetown,2014-03-09
300,West Indies,won,England,Bridgetown,2014-03-11
301,Australia,won,South Africa,Durban,2014-03-12
302,West Indies,lost,England,Bridgetown,2014-03-13
303,Australia,won,South Africa,Centurion,2014-03-14
304,Afghanistan,lost,Bangladesh,Dhaka,2014-03-16
305,Netherlands,won,U.A.E.,Sylhet,2014-03-17
306,Afghanistan,won,Hong Kong,Chattogram,2014-03-18
307,Netherlands,lost,Zimbabwe,Sylhet,2014-03-19
308,Afghanistan,lost,Nepal,Chattogram,2014-03-20
309,Pakistan,lost,India,Dhaka,2014-03-21
310,Netherlands,won,Ireland,Sylhet,2014-03-21
311,New Zealand,won,England,Chattogram,2014-03-22
312,Pakistan,won,Australia,Dhaka,2014-03-23
313,Netherlands,lost,Sri Lanka,Chattogram,2014-03-24
314,West Indies,won,Bangladesh,Dhaka,2014-03-25
315,Netherlands,lost,South Africa,Chattogram,2014-03-27
316,West Indies,won,Australia,Dhaka,2014-03-28
317,Netherlands,lost,New Zealand,Chattogram,2014-03-29
318,Pakistan,won,Bangladesh,Dhaka,2014-03-30
319,Netherlands,won,England,Chattogram,2014-03-31
320,Pakistan,lost,West Indies,Dhaka,2014-04-01
321,West Indies,lost,Sri Lanka,Dhaka,2014-04-03
322,South Africa,lost,India,Dhaka,2014-04-04
323,Sri Lanka,won,India,Dhaka,2014-04-06
324,England,lost,Sri Lanka,The Oval,2014-05-20
325,West Indies,lost,New Zealand,Roseau,2014-07-05
326,West Indies,won,New Zealand,Roseau,2014-07-06
327,England,won,India,Birmingham,2014-09-07
328,Pakistan,lost,Australia,Dubai (DSC),2014-10-05
329,Australia,lost,South Africa,Adelaide,2014-11-05
330,Australia,won,South Africa,Melbourne,2014-11-07
331,Australia,won,South Africa,Sydney,2014-11-09
332,Pakistan,won,New Zealand,Dubai (DSC),2014-12-04
333,Pakistan,lost,New Zealand,Dubai (DSC),2014-12-05
334,West Indies,won,South Africa,Cape Town,2015-01-09
335,West Indies,won,South Africa,Johannesburg,2015-01-11
336,West Indies,lost,South Africa,Durban,2015-01-14
337,Pakistan,lost,Bangladesh,Dhaka,2015-04-24
338,Pakistan,won,Zimbabwe,Lahore,2015-05-22
339,Pakistan,won,Zimbabwe,Lahore,2015-05-24
340,Scotland,won,Ireland,Bready,2015-06-18
341,Scotland,won,Ireland,Bready,2015-06-20
342,New Zealand,lost,England,Manchester,2015-06-23
343,Netherlands,won,Nepal,Amstelveen,2015-06-30
344,Netherlands,won,Nepal,Amstelveen,2015-07-01
345,Netherlands,won,Nepal,Rotterdam,2015-07-02
346,Netherlands,lost,Nepal,Rotterdam,2015-07-03
347,Bangladesh,lost,South Africa,Dhaka,2015-07-05
348,Bangladesh,lost,South Africa,Dhaka,2015-07-07
349,Afghanistan,won,Netherlands,Edinburgh,2015-07-09
350,Afghanistan,won,U.A.E.,Edinburgh,2015-07-10
351,Scotland,lost,Netherlands,Edinburgh,2015-07-11
352,Afghanistan,won,Scotland,Edinburgh,2015-07-12
353,Ireland,won,Nepal,Belfast,2015-07-13
354,P.N.G.,won,Ireland,Belfast,2015-07-15
355,P.N.G.,won,Nepal,Dublin (Malahide),2015-07-17
356,India,won,Zimbabwe,Harare,2015-07-17
357,India,lost,Zimbabwe,Harare,2015-07-19
358,Afghanistan,lost,Hong Kong,Dublin (Malahide),2015-07-21
359,Afghanistan,won,P.N.G.,Dublin (Malahide),2015-07-23
360,Afghanistan,won,Oman,Dublin,2015-07-25
361,Scotland,won,Hong Kong,Dublin (Malahide),2015-07-25
362,Pakistan,won,Sri Lanka,Colombo (RPS),2015-07-30
363,Pakistan,won,Sri Lanka,Colombo (RPS),2015-08-01
364,New Zealand,won,Zimbabwe,Harare,2015-08-09
365,New Zealand,lost,South Africa,Durban,2015-08-14
366,New Zealand,won,South Africa,Centurion,2015-08-16
367,England,won,Australia,Cardiff,2015-08-31
368,Pakistan,won,Zimbabwe,Harare,2015-09-27
369,Pakistan,won,Zimbabwe,Harare,2015-09-29
370,South Africa,won,India,Dharamsala,2015-10-02
371,South Africa,won,India,Cuttack,2015-10-05
372,Afghanistan,won,Zimbabwe,Bulawayo,2015-10-26
373,Afghanistan,won,Zimbabwe,Bulawayo,2015-10-28
374,West Indies,lost,Sri Lanka,Pallekele,2015-11-09
375,West Indies,won,Sri Lanka,Colombo (RPS),2015-11-11
376,Bangladesh,won,Zimbabwe,Dhaka,2015-11-13
377,Bangladesh,lost,Zimbabwe,Dhaka,2015-11-15
378,Oman,won,Hong Kong,Abu Dhabi,2015-11-21
379,Oman,lost,U.A.E.,Abu Dhabi,2015-11-22
380,Oman,won,Hong Kong,Abu Dhabi,2015-11-25
381,Oman,lost,Hong Kong,Abu Dhabi,2015-11-26
382,Pakistan,lost,England,Dubai (DSC),2015-11-26
383,Pakistan,lost,England,Dubai (DSC),2015-11-27
384,Afghanistan,lost,Hong Kong,Abu Dhabi,2015-11-28
385,Afghanistan,won,Oman,Abu Dhabi,2015-11-29
386,Afghanistan,won,Oman,Abu Dhabi,2015-11-30
387,Pakistan,tied,England,Sharjah,2015-11-30
388,New Zealand,won,Sri Lanka,Mount Maunganui,2016-01-07
389,Afghanistan,won,Zimbabwe,Sharjah,2016-01-08
390,Afghanistan,won,Zimbabwe,Sharjah,2016-01-10
391,New Zealand,won,Sri Lanka,Auckland,2016-01-10
392,Bangladesh,won,Zimbabwe,Khulna,2016-01-15
393,Pakistan,won,New Zealand,Auckland,2016-01-15
394,Pakistan,lost,New Zealand,Hamilton,2016-01-17
395,Bangladesh,won,Zimbabwe,Khulna,2016-01-17
396,Bangladesh,lost,Zimbabwe,Khulna,2016-01-20
397,Bangladesh,lost,Zimbabwe,Khulna,2016-01-22
398,Pakistan,lost,New Zealand,Wellington,2016-01-22
399,Australia,lost,India,Adelaide,2016-01-26
400,Australia,lost,India,Melbourne,2016-01-29
401,Scotland,lost,Hong Kong,Mong Kok,2016-01-30
402,Scotland,won,Hong Kong,Mong Kok,2016-01-31
403,Australia,lost,India,Sydney,2016-01-31
404,Netherlands,won,U.A.E.,ICCA Dubai,2016-02-03
405,Scotland,lost,U.A.E.,ICCA Dubai,2016-02-04
406,Scotland,won,Netherlands,ICCA Dubai,2016-02-05
407,P.N.G.,lost,Ireland,Townsville,2016-02-06
408,P.N.G.,lost,Ireland,Townsville,2016-02-07
409,Sri Lanka,won,India,Pune,2016-02-09
410,P.N.G.,won,Ireland,Townsville,2016-02-09
411,Sri Lanka,lost,India,Ranchi,2016-02-12
412,Sri Lanka,lost,India,Visakhapatnam,2016-02-14
413,Ireland,won,U.A.E.,Abu Dhabi,2016-02-14
414,Ireland,lost,U.A.E.,Abu Dhabi,2016-02-16
415,England,lost,South Africa,Cape Town,2016-02-19
416,Afghanistan,lost,U.A.E.,Fatullah,2016-02-19
417,Afghanistan,won,Oman,Fatullah,2016-02-20
418,England,lost,South Africa,Johannesburg,2016-02-21
419,Afghanistan,won,Hong Kong,Dhaka,2016-02-22
420,Bangladesh,lost,India,Dhaka,2016-02-24
421,Sri Lanka,won,U.A.E.,Dhaka,2016-02-25
422,Bangladesh,won,U.A.E.,Dhaka,2016-02-26
423,Pakistan,lost,India,Dhaka,2016-02-27
424,Bangladesh,won,Sri Lanka,Dhaka,2016-02-28
425,Pakistan,won,U.A.E.,Dhaka,2016-02-29
426,Sri Lanka,lost,India,Dhaka,2016-03-01
427,Pakistan,lost,Bangladesh,Dhaka,2016-03-02
428,India,won,U.A.E.,Dhaka,2016-03-03
429,Australia,lost,South Africa,Durban,2016-03-04
430,Pakistan,won,Sri Lanka,Dhaka,2016-03-04
431,Bangladesh,lost,India,Dhaka,2016-03-06
432,Australia,won,South Africa,Johannesburg,2016-03-06
433,Afghanistan,won,Scotland,Nagpur,2016-03-08
434,Australia,won,South Africa,Cape Town,2016-03-09
435,Netherlands,lost,Bangladesh,Dharamsala,2016-03-09
436,Afghanistan,won,Hong Kong,Nagpur,2016-03-10
437,Afghanistan,won,Zimbabwe,Nagpur,2016-03-12
438,Netherlands,won,Ireland,Dharamsala,2016-03-13
439,New Zealand,won,India,Nagpur,2016-03-15
440,Pakistan,won,Bangladesh,Kolkata,2016-03-16
441,West Indies,won,England,Mumbai,2016-03-16
442,Afghanistan,lost,Sri Lanka,Kolkata,2016-03-17
443,England,won,South Africa,Mumbai,2016-03-18
444,New Zealand,won,Australia,Dharamsala,2016-03-18
445,Pakistan,lost,India,Kolkata,2016-03-19
446,Afghanistan,lost,South Africa,Mumbai,2016-03-20
447,West Indies,won,Sri Lanka,Bengaluru,2016-03-20
448,Australia,won,Bangladesh,Bengaluru,2016-03-21
449,Pakistan,lost,New Zealand,Mohali,2016-03-22
450,Bangladesh,lost,India,Bengaluru,2016-03-23
451,Afghanistan,lost,England,Delhi,2016-03-23
452,Pakistan,lost,Australia,Mohali,2016-03-25
453,West Indies,won,South Africa,Nagpur,2016-03-25
454,England,won,Sri Lanka,Delhi,2016-03-26
455,New Zealand,won,Bangladesh,Kolkata,2016-03-26
456,Australia,lost,India,Mohali,2016-03-27
457,Afghanistan,won,West Indies,Nagpur,2016-03-27
458,Sri Lanka,lost,South Africa,Delhi,2016-03-28
459,New Zealand,lost,England,Delhi,2016-03-30
460,West Indies,won,India,Mumbai,2016-03-31
461,West Indies,won,England,Kolkata,2016-04-03
462,India,lost,Zimbabwe,Harare,2016-06-18
463,India,won,Zimbabwe,Harare,2016-06-20
464,India,won,Zimbabwe,Harare,2016-06-22
465,England,won,Sri Lanka,Southampton,2016-07-05
466,West Indies,won,India,Lauderhill,2016-08-27
467,Ireland,lost,Hong Kong,Bready,2016-09-05
468,Australia,won,Sri Lanka,Pallekele,2016-09-06
469,Pakistan,won,England,Manchester,2016-09-07
470,Australia,won,Sri Lanka,Colombo (RPS),2016-09-09
471,Pakistan,won,West Indies,Dubai (DSC),2016-09-23
472,Pakistan,won,West Indies,Dubai (DSC),2016-09-24
473,Pakistan,won,West Indies,Abu Dhabi,2016-09-27
474,Afghanistan,won,U.A.E.,ICCA Dubai,2016-12-14
475,Afghanistan,won,U.A.E.,Dubai (DSC),2016-12-16
476,Afghanistan,won,U.A.E.,ICCA Dubai,2016-12-18
477,New Zealand,won,Bangladesh,Napier,2017-01-03
478,New Zealand,won,Bangladesh,Mount Maunganui,2017-01-06
479,New Zealand,won,Bangladesh,Mount Maunganui,2017-01-08
480,Afghanistan,won,Ireland,Abu Dhabi,2017-01-14
481,Netherlands,won,Oman,Abu Dhabi,2017-01-15
482,Afghanistan,won,U.A.E.,Abu Dhabi,2017-01-16
483,Scotland,won,Netherlands,Abu Dhabi,2017-01-17
484,Netherlands,lost,Hong Kong,Dubai (DSC),2017-01-18
485,Scotland,won,Oman,Dubai (DSC),2017-01-19
486,Afghanistan,won,Oman,Dubai (DSC),2017-01-20
487,Sri Lanka,lost,South Africa,Centurion,2017-01-20
488,Sri Lanka,won,South Africa,Johannesburg,2017-01-22
489,Sri Lanka,won,South Africa,Cape Town,2017-01-25
490,England,won,India,Kanpur,2017-01-26
491,England,lost,India,Nagpur,2017-01-29
492,England,lost,India,Bengaluru,2017-02-01
493,New Zealand,lost,South Africa,Auckland,2017-02-17
494,Australia,lost,Sri Lanka,Melbourne,2017-02-17
495,Australia,lost,Sri Lanka,Geelong,2017-02-19
496,Australia,won,Sri Lanka,Adelaide,2017-02-22
497,Afghanistan,won,Ireland,Greater Noida,2017-03-08
498,Afghanistan,won,Ireland,Greater Noida,2017-03-10
499,Afghanistan,won,Ireland,Greater Noida,2017-03-12
500,Pakistan,won,West Indies,Bridgetown,2017-03-26
501,Pakistan,won,West Indies,Port of Spain,2017-03-30
502,Pakistan,lost,West Indies,Port of Spain,2017-04-01
503,Pakistan,won,West Indies,Port of Spain,2017-04-02
504,Bangladesh,lost,Sri Lanka,Colombo (RPS),2017-04-04
505,Bangladesh,won,Sri Lanka,Colombo (RPS),2017-04-06
506,P.N.G.,lost,U.A.E.,Abu Dhabi,2017-04-12
507,P.N.G.,lost,U.A.E.,Abu Dhabi,2017-04-14
508,Afghanistan,lost,West Indies,Basseterre,2017-06-02
509,Afghanistan,lost,West Indies,Basseterre,2017-06-03
510,Afghanistan,lost,West Indies,Basseterre,2017-06-05
511,England,won,South Africa,Southampton,2017-06-21
512,England,lost,South Africa,Taunton,2017-06-23
513,England,won,South Africa,Cardiff,2017-06-25
514,West Indies,won,India,Kingston,2017-07-09
515,Sri Lanka,lost,India,Colombo (RPS),2017-09-06
516,Pakistan,won,World-XI,Lahore,2017-09-12
517,Pakistan,lost,World-XI,Lahore,2017-09-13
518,Pakistan,won,World-XI,Lahore,2017-09-15
519,West Indies,won,England,Chester-le-Street,2017-09-16
520,Australia,lost,India,Ranchi,2017-10-07
521,Australia,won,India,Guwahati,2017-10-10
522,Pakistan,won,Sri Lanka,Abu Dhabi,2017-10-26
523,Bangladesh,lost,South Africa,Bloemfontein,2017-10-26
524,Pakistan,won,Sri Lanka,Abu Dhabi,2017-10-27
525,Bangladesh,lost,South Africa,Potchefstroom,2017-10-29
526,Pakistan,won,Sri Lanka,Lahore,2017-10-29
527,New Zealand,lost,India,Delhi,2017-11-01
528,New Zealand,won,India,Rajkot,2017-11-04
529,New Zealand,lost,India,Thiruvananthapuram,2017-11-07
530,Sri Lanka,lost,India,Cuttack,2017-12-20
531,Sri Lanka,lost,India,Indore,2017-12-22
532,Sri Lanka,lost,India,Mumbai,2017-12-24
533,West Indies,lost,New Zealand,Nelson,2017-12-29
534,West Indies,lost,New Zealand,Mount Maunganui,2018-01-03
535,Pakistan,lost,New Zealand,Wellington,2018-01-22
536,Pakistan,won,New Zealand,Auckland,2018-01-25
537,Pakistan,won,New Zealand,Mount Maunganui,2018-01-28
538,New Zealand,lost,Australia,Sydney,2018-02-03
539,Afghanistan,won,Zimbabwe,Sharjah,2018-02-05
540,Afghanistan,won,Zimbabwe,Sharjah,2018-02-06
541,England,lost,Australia,Hobart,2018-02-07
542,England,lost,Australia,Melbourne,2018-02-10
543,New Zealand,won,England,Wellington,2018-02-13
544,Bangladesh,lost,Sri Lanka,Dhaka,2018-02-15
545,New Zealand,lost,Australia,Auckland,2018-02-16
546,South Africa,lost,India,Johannesburg,2018-02-18
547,Bangladesh,lost,Sri Lanka,Sylhet,2018-02-18
548,New Zealand,lost,England,Hamilton,2018-02-18
549,New Zealand,lost,Australia,Auckland,2018-02-21
550,South Africa,won,India,Centurion,2018-02-21
551,South Africa,lost,India,Cape Town,2018-02-24
552,Sri Lanka,won,India,Colombo (RPS),2018-03-06
553,Bangladesh,lost,India,Colombo (RPS),2018-03-08
554,Bangladesh,won,Sri Lanka,Colombo (RPS),2018-03-10
555,Sri Lanka,lost,India,Colombo (RPS),2018-03-12
556,Bangladesh,lost,India,Colombo (RPS),2018-03-14
557,Bangladesh,won,Sri Lanka,Colombo (RPS),2018-03-16
558,Bangladesh,lost,India,Colombo (RPS),2018-03-18
559,Pakistan,won,West Indies,Karachi,2018-04-01
560,Pakistan,won,West Indies,Karachi,2018-04-02
561,Pakistan,won,West Indies,Karachi,2018-04-03
562,West Indies,won,ICC World XI,Lord's,2018-05-31
563,Afghanistan,won,Bangladesh,Dehradun,2018-06-03
564,Afghanistan,won,Bangladesh,Dehradun,2018-06-05
565,Afghanistan,won,Bangladesh,Dehradun,2018-06-07
566,Pakistan,won,Scotland,Edinburgh,2018-06-12
567,Netherlands,won,Ireland,Rotterdam,2018-06-12
568,Pakistan,won,Scotland,Edinburgh,2018-06-13
569,Netherlands,won,Ireland,Rotterdam,2018-06-13
570,Scotland,lost,Ireland,Deventer,2018-06-16
571,Scotland,tied,Ireland,Deventer,2018-06-17
572,Scotland,won,Netherlands,Amstelveen,2018-06-19
573,Scotland,won,Netherlands,Amstelveen,2018-06-20
574,England,won,Australia,Birmingham,2018-06-27
575,Ireland,lost,India,Dublin (Malahide),2018-06-27
576,Ireland,lost,India,Dublin (Malahide),2018-06-29
577,Pakistan,won,Zimbabwe,Harare,2018-07-01
578,Pakistan,lost,Australia,Harare,2018-07-02
579,Australia,won,Zimbabwe,Harare,2018-07-03
580,England,lost,India,Manchester,2018-07-03
581,Pakistan,won,Zimbabwe,Harare,2018-07-04
582,Pakistan,won,Australia,Harare,2018-07-05
583,England,won,India,Cardiff,2018-07-06
584,Australia,won,Zimbabwe,Harare,2018-07-06
585,Pakistan,won,Australia,Harare,2018-07-08
586,England,lost,India,Bristol,2018-07-08
587,West Indies,won,Bangladesh,Basseterre,2018-07-31
588,West Indies,lost,Bangladesh,Lauderhill,2018-08-04
589,West Indies,lost,Bangladesh,Lauderhill,2018-08-05
590,Sri Lanka,won,South Africa,Colombo (RPS),2018-08-14
591,Afghanistan,won,Ireland,Bready,2018-08-20
592,Afghanistan,won,Ireland,Bready,2018-08-22
593,South Africa,won,Zimbabwe,East London,2018-10-09
594,South Africa,won,Zimbabwe,Potchefstroom,2018-10-12
595,Australia,won,U.A.E.,Tolerance Oval,2018-10-22
596,Pakistan,won,Australia,Abu Dhabi,2018-10-24
597,Pakistan,won,Australia,Dubai (DSC),2018-10-26
598,England,won,Sri Lanka,Colombo (RPS),2018-10-27
599,Pakistan,won,Australia,Dubai (DSC),2018-10-28
600,Pakistan,won,New Zealand,Abu Dhabi,2018-10-31
601,Pakistan,won,New Zealand,Dubai (DSC),2018-11-02
602,Pakistan,won,New Zealand,Dubai (DSC),2018-11-04
603,West Indies,lost,India,Kolkata,2018-11-04
604,West Indies,lost,India,Lucknow,2018-11-06
605,West Indies,lost,India,Chennai,2018-11-11
606,Australia,lost,South Africa,Carrara,2018-11-17
607,Australia,won,India,Brisbane,2018-11-21
608,Australia,lost,India,Sydney,2018-11-25
609,West Indies,won,Bangladesh,Sylhet,2018-12-17
610,West Indies,lost,Bangladesh,Dhaka,2018-12-20
611,West Indies,won,Bangladesh,Dhaka,2018-12-22
612,New Zealand,won,Sri Lanka,Auckland,2019-01-11
613,Pakistan,lost,South Africa,Cape Town,2019-02-01
614,Pakistan,lost,South Africa,Johannesburg,2019-02-03
615,New Zealand,won,India,Wellington,2019-02-06
616,Pakistan,won,South Africa,Centurion,2019-02-06
617,New Zealand,lost,India,Auckland,2019-02-08
618,New Zealand,won,India,Hamilton,2019-02-10
619,Scotland,lost,Netherlands,Al Amerat,2019-02-13
620,Scotland,won,Ireland,Al Amerat,2019-02-15
621,Scotland,won,Oman,Al Amerat,2019-02-17
622,Afghanistan,won,Ireland,Dehradun,2019-02-21
623,Afghanistan,won,Ireland,Dehradun,2019-02-23
624,Afghanistan,won,Ireland,Dehradun,2019-02-24
625,Australia,won,India,Visakhapatnam,2019-02-24
626,Australia,won,India,Bengaluru,2019-02-27
627,West Indies,lost,England,Gros Islet,2019-03-05
628,West Indies,lost,England,Basseterre,2019-03-08
629,West Indies,lost,England,Basseterre,2019-03-10
630,Sri Lanka,tied,South Africa,Cape Town,2019-03-19
631,Sri Lanka,lost,South Africa,Centurion,2019-03-22
632,P.N.G.,won,Philippines,Port Moresby,2019-03-22
633,P.N.G.,won,Vanuatu,Port Moresby,2019-03-24
634,Sri Lanka,lost,South Africa,Johannesburg,2019-03-24
635,Pakistan,lost,England,Cardiff,2019-05-05
636,Namibia,won,Ghana,Kampala,2019-05-20
637,Namibia,won,Uganda,Kampala,2019-05-21
638,Namibia,won,Botswana,Kampala,2019-05-22
639,Netherlands,won,Zimbabwe,Rotterdam,2019-06-23
640,Netherlands,tied,Zimbabwe,Rotterdam,2019-06-25
641,P.N.G.,won,Samoa,Apia (No 1),2019-07-08
642,P.N.G.,won,Vanuatu,Apia (No 3),2019-07-09
643,P.N.G.,won,Samoa,Apia (No 2),2019-07-10
644,P.N.G.,won,Vanuatu,Apia (No 2),2019-07-12
645,Ireland,won,Zimbabwe,Bready,2019-07-12
646,P.N.G.,won,Vanuatu,Apia (No 2),2019-07-13
647,Ireland,lost,Zimbabwe,Bready,2019-07-14
648,Netherlands,lost,U.A.E.,Amstelveen,2019-08-03
649,West Indies,lost,India,Lauderhill,2019-08-03
650,West Indies,lost,India,Lauderhill,2019-08-04
651,Netherlands,lost,U.A.E.,Amstelveen,2019-08-05
652,West Indies,lost,India,Providence,2019-08-06
653,Netherlands,lost,U.A.E.,The Hague,2019-08-06
654,Netherlands,lost,U.A.E.,The Hague,2019-08-08
655,Namibia,won,Botswana,Windhoek,2019-08-19
656,Namibia,won,Botswana,Windhoek,2019-08-20
657,Namibia,won,Botswana,Windhoek,2019-08-22
658,Namibia,won,Botswana,Windhoek,2019-08-23
659,New Zealand,won,Sri Lanka,Pallekele,2019-09-01
660,New Zealand,won,Sri Lanka,Pallekele,2019-09-03
661,New Zealand,lost,Sri Lanka,Pallekele,2019-09-06
662,Bangladesh,won,Zimbabwe,Dhaka,2019-09-13
663,Afghanistan,won,Zimbabwe,Dhaka,2019-09-14
664,Afghanistan,won,Bangladesh,Dhaka,2019-09-15
665,Scotland,won,Netherlands,Dublin (Malahide),2019-09-16
666,Scotland,lost,Ireland,Dublin (Malahide),2019-09-17
667,South Africa,lost,India,Mohali,2019-09-18
668,Netherlands,won,Ireland,Dublin (Malahide),2019-09-18
669,Bangladesh,won,Zimbabwe,Chattogram,2019-09-18
670,Scotland,won,Netherlands,Dublin (Malahide),2019-09-19
671,Afghanistan,lost,Zimbabwe,Chattogram,2019-09-20
672,Scotland,lost,Ireland,Dublin (Malahide),2019-09-20
673,Afghanistan,lost,Bangladesh,Chattogram,2019-09-21
674,South Africa,won,India,Bengaluru,2019-09-22
675,Pakistan,lost,Sri Lanka,Lahore,2019-10-05
676,Netherlands,lost,Ireland,Al Amerat,2019-10-05
677,Oman,won,Ireland,Al Amerat,2019-10-06
678,Pakistan,lost,Sri Lanka,Lahore,2019-10-07
679,Netherlands,lost,Nepal,Al Amerat,2019-10-07
680,Pakistan,lost,Sri Lanka,Lahore,2019-10-09
681,Netherlands,lost,Oman,Al Amerat,2019-10-09
682,Netherlands,won,Hong Kong,Al Amerat,2019-10-10
683,Scotland,lost,Singapore,ICCA Dubai,2019-10-18
684,Oman,won,U.A.E.,Abu Dhabi,2019-10-18
685,Scotland,won,Kenya,ICCA 2 Dubai,2019-10-19
686,Ireland,lost,U.A.E.,Abu Dhabi,2019-10-19
687,Netherlands,won,Namibia,ICCA Dubai,2019-10-19
688,Namibia,lost,P.N.G.,ICCA 2 Dubai,2019-10-20
689,Oman,won,Hong Kong,Abu Dhabi,2019-10-20
690,Oman,lost,Ireland,Tolerance Oval,2019-10-21
691,Scotland,won,P.N.G.,ICCA Dubai,2019-10-21
692,Scotland,lost,Namibia,ICCA Dubai,2019-10-22
693,Oman,won,Nigeria,Tolerance Oval,2019-10-23
694,Namibia,won,Bermuda,ICCA 2 Dubai,2019-10-23
695,Ireland,lost,Canada,Abu Dhabi,2019-10-23
696,Netherlands,lost,P.N.G.,ICCA Dubai,2019-10-24
697,Scotland,won,Bermuda,Dubai (DSC),2019-10-24
698,Ireland,won,Jersey,Tolerance Oval,2019-10-25
699,Oman,won,Canada,Abu Dhabi,2019-10-25
700,Namibia,won,Kenya,Dubai (DSC),2019-10-25
701,Ireland,won,Nigeria,Abu Dhabi,2019-10-26
702,Netherlands,won,Bermuda,Dubai (DSC),2019-10-26
703,Oman,lost,Jersey,Abu Dhabi,2019-10-27
704,Scotland,lost,Netherlands,Dubai (DSC),2019-10-27
705,Australia,won,Sri Lanka,Adelaide,2019-10-27
706,Netherlands,won,U.A.E.,Dubai (DSC),2019-10-29
707,Australia,won,Sri Lanka,Brisbane,2019-10-30
708,Scotland,won,U.A.E.,Dubai (DSC),2019-10-30
709,Scotland,won,Oman,ICCA Dubai,2019-10-31
710,Australia,won,Sri Lanka,Melbourne,2019-11-01
711,Netherlands,won,Ireland,Dubai (DSC),2019-11-01
712,New Zealand,lost,England,Christchurch,2019-11-01
713,Netherlands,won,P.N.G.,Dubai (DSC),2019-11-02
714,New Zealand,won,England,Wellington,2019-11-03
715,Bangladesh,won,India,Delhi,2019-11-03
716,New Zealand,won,England,Nelson,2019-11-05
717,Pakistan,lost,Australia,Canberra,2019-11-05
718,Bangladesh,lost,India,Rajkot,2019-11-07
719,Pakistan,lost,Australia,Perth,2019-11-08
720,New Zealand,lost,England,Napier,2019-11-08
721,New Zealand,tied,England,Auckland,2019-11-10
722,Bangladesh,lost,India,Nagpur,2019-11-10
723,Afghanistan,lost,West Indies,Lucknow,2019-11-14
724,Afghanistan,won,West Indies,Lucknow,2019-11-16
725,Afghanistan,won,West Indies,Lucknow,2019-11-17
726,West Indies,lost,India,Hyderabad (Deccan),2019-12-06
727,West Indies,won,India,Thiruvananthapuram,2019-12-08
728,West Indies,lost,India,Mumbai,2019-12-11
729,Sri Lanka,lost,India,Indore,2020-01-07
730,Sri Lanka,lost,India,Pune,2020-01-10
731,West Indies,lost,Ireland,St George's,2020-01-15
732,West Indies,won,Ireland,Basseterre,2020-01-19
733,New Zealand,lost,India,Auckland,2020-01-24
734,Pakistan,won,Bangladesh,Lahore,2020-01-24
735,Pakistan,won,Bangladesh,Lahore,2020-01-25
736,New Zealand,lost,India,Auckland,2020-01-26
737,New Zealand,tied,India,Hamilton,2020-01-29
738,New Zealand,tied,India,Wellington,2020-01-31
739,New Zealand,lost,India,Mount Maunganui,2020-02-02
740,England,lost,South Africa,East London,2020-02-12
741,England,won,South Africa,Durban,2020-02-14
742,England,won,South Africa,Centurion,2020-02-16
743,Australia,won,South Africa,Johannesburg,2020-02-21
744,Oman,won,Bahrain,Al Amerat,2020-02-23
745,Australia,lost,South Africa,Port Elizabeth,2020-02-23
746,Oman,lost,Qatar,Al Amerat,2020-02-24
747,Oman,won,Maldives,Al Amerat,2020-02-25
748,Australia,won,South Africa,Cape Town,2020-02-26
749,West Indies,won,Sri Lanka,Pallekele,2020-03-04
750,West Indies,won,Sri Lanka,Pallekele,2020-03-06
751,Afghanistan,won,Ireland,Greater Noida,2020-03-06
752,Afghanistan,won,Ireland,Greater Noida,2020-03-08
753,Bangladesh,won,Zimbabwe,Dhaka,2020-03-09
754,Afghanistan,tied,Ireland,Greater Noida,2020-03-10
755,Bangladesh,won,Zimbabwe,Dhaka,2020-03-11
756,Pakistan,lost,England,Manchester,2020-08-30
757,Pakistan,won,England,Manchester,2020-09-01
758,England,won,Australia,Southampton,2020-09-04
759,England,won,Australia,Southampton,2020-09-06
760,England,lost,Australia,Southampton,2020-09-08
761,Pakistan,won,Zimbabwe,Rawalpindi,2020-11-07
762,Pakistan,won,Zimbabwe,Rawalpindi,2020-11-08
763,Pakistan,won,Zimbabwe,Rawalpindi,2020-11-10
764,West Indies,lost,New Zealand,Auckland,2020-11-27
765,England,won,South Africa,Cape Town,2020-11-27
766,England,won,South Africa,Paarl,2020-11-29
767,West Indies,lost,New Zealand,Mount Maunganui,2020-11-29
768,England,won,South Africa,Cape Town,2020-12-01
769,Australia,lost,India,Canberra,2020-12-04
770,Australia,lost,India,Sydney,2020-12-06
771,Australia,won,India,Sydney,2020-12-08
772,Pakistan,lost,New Zealand,Auckland,2020-12-18
773,Pakistan,lost,New Zealand,Hamilton,2020-12-20
774,Pakistan,won,New Zealand,Napier,2020-12-22
775,Pakistan,won,South Africa,Lahore,2021-02-11
776,Pakistan,lost,South Africa,Lahore,2021-02-13
777,Pakistan,won,South Africa,Lahore,2021-02-14
778,New Zealand,won,Australia,Christchurch,2021-02-22
779,New Zealand,won,Australia,Dunedin,2021-02-25
780,New Zealand,lost,Australia,Wellington,2021-03-03
781,West Indies,won,Sri Lanka,Coolidge,2021-03-03
782,New Zealand,lost,Australia,Wellington,2021-03-05
783,West Indies,lost,Sri Lanka,Coolidge,2021-03-05
784,New Zealand,won,Australia,Wellington,2021-03-07
785,West Indies,won,Sri Lanka,Coolidge,2021-03-07
786,England,won,India,Ahmedabad,2021-03-12
787,England,lost,India,Ahmedabad,2021-03-14
788,England,won,India,Ahmedabad,2021-03-16
789,Afghanistan,won,Zimbabwe,Abu Dhabi,2021-03-17
790,England,lost,India,Ahmedabad,2021-03-18
791,Afghanistan,won,Zimbabwe,Abu Dhabi,2021-03-19
792,Afghanistan,won,Zimbabwe,Abu Dhabi,2021-03-20
793,England,lost,India,Ahmedabad,2021-03-20
794,New Zealand,won,Bangladesh,Hamilton,2021-03-28
795,New Zealand,won,Bangladesh,Napier,2021-03-30
796,New Zealand,won,Bangladesh,Auckland,2021-04-01
797,Namibia,won,Uganda,Windhoek,2021-04-03
798,Namibia,won,Uganda,Windhoek,2021-04-05
799,Pakistan,won,South Africa,Johannesburg,2021-04-10
800,Pakistan,lost,South Africa,Johannesburg,2021-04-12
801,Pakistan,won,South Africa,Centurion,2021-04-14
802,Pakistan,won,South Africa,Centurion,2021-04-16
803,Netherlands,lost,Nepal,Kirtipur,2021-04-17
804,Netherlands,won,Malaysia,Kirtipur,2021-04-18
805,Netherlands,won,Nepal,Kirtipur,2021-04-20
806,Netherlands,tied,Malaysia,Kirtipur,2021-04-21
807,Pakistan,won,Zimbabwe,Harare,2021-04-21
808,Pakistan,lost,Zimbabwe,Harare,2021-04-23
809,Netherlands,lost,Nepal,Kirtipur,2021-04-24
810,Pakistan,won,Zimbabwe,Harare,2021-04-25
811,England,won,Sri Lanka,Cardiff,2021-06-23
812,England,won,Sri Lanka,Cardiff,2021-06-24
813,West Indies,won,South Africa,St George's,2021-06-26
814,England,won,Sri Lanka,Southampton,2021-06-26
815,West Indies,lost,South Africa,St George's,2021-06-27
816,West Indies,lost,South Africa,St George's,2021-06-29
817,West Indies,won,South Africa,St George's,2021-07-01
818,West Indies,lost,South Africa,St George's,2021-07-03
819,West Indies,won,Australia,Gros Islet,2021-07-09
820,West Indies,won,Australia,Gros Islet,2021-07-10
821,West Indies,won,Australia,Gros Islet,2021-07-12
822,West Indies,lost,Australia,Gros Islet,2021-07-14
823,West Indies,won,Australia,Gros Islet,2021-07-16
824,Pakistan,won,England,Nottingham,2021-07-16
825,Pakistan,lost,England,Leeds,2021-07-18
826,Ireland,lost,South Africa,Dublin (Malahide),2021-07-19
827,Pakistan,lost,England,Manchester,2021-07-20
828,Bangladesh,won,Zimbabwe,Harare,2021-07-22
829,Ireland,lost,South Africa,Belfast,2021-07-22
830,Bangladesh,lost,Zimbabwe,Harare,2021-07-23
831,Ireland,lost,South Africa,Belfast,2021-07-24
832,Bangladesh,won,Zimbabwe,Harare,2021-07-25
833,Sri Lanka,lost,India,Colombo (RPS),2021-07-25
834,Sri Lanka,won,India,Colombo (RPS),2021-07-28
835,Sri Lanka,won,India,Colombo (RPS),2021-07-29
836,Pakistan,won,West Indies,Providence,2021-07-31
837,Australia,lost,Bangladesh,Dhaka,2021-08-03
838,Australia,lost,Bangladesh,Dhaka,2021-08-04
839,Australia,lost,Bangladesh,Dhaka,2021-08-06
840,Australia,won,Bangladesh,Dhaka,2021-08-07
841,Australia,lost,Bangladesh,Dhaka,2021-08-09
842,Ireland,lost,Zimbabwe,Dublin,2021-08-27
843,Ireland,won,Zimbabwe,Dublin,2021-08-29
844,New Zealand,lost,Bangladesh,Dhaka,2021-09-01
845,Ireland,won,Zimbabwe,Bready,2021-09-01
846,Ireland,won,Zimbabwe,Bready,2021-09-02
847,New Zealand,lost,Bangladesh,Dhaka,2021-09-03
848,Ireland,lost,Zimbabwe,Bready,2021-09-04
849,New Zealand,won,Bangladesh,Dhaka,2021-09-05
850,New Zealand,lost,Bangladesh,Dhaka,2021-09-08
851,New Zealand,won,Bangladesh,Dhaka,2021-09-10
852,Sri Lanka,lost,South Africa,Colombo (RPS),2021-09-10
853,Sri Lanka,lost,South Africa,Colombo (RPS),2021-09-12
854,Sri Lanka,lost,South Africa,Colombo (RPS),2021-09-14
855,Scotland,won,Zimbabwe,Edinburgh,2021-09-15
856,Scotland,lost,Zimbabwe,Edinburgh,2021-09-17
857,Scotland,lost,Zimbabwe,Edinburgh,2021-09-19
