Player_Name,Country,Mat_Bat,Inns_Bat,NO,Runs,HS,Ave,BF,SR,100s,50s,4s,6s,Ct,St,Mat_Bowl,Inns_Bowl,Balls,Runs,Wkts,BBI,BBM,Ave,Econ,SR,4w,5w,10w
Merwe Gerhard Erasmus,Namibia,22,20,5,522,72,34.79,371,140.7,0,5,43,24,19,0,22,10,193,171,12,03-Dec,03-Dec,14.25,5.31,16,0,0,0
Stephan Julian Baard,Namibia,17,17,2,496,92,33.06,407,121.86,0,4,41,15,9,0,17,-,-,-,-,-,-,-,-,-,-,-,-
Karl Johan Birkenstock,Namibia,8,4,1,81,59,27,45,180,0,1,9,4,2,0,8,3,18,35,0,-,-,-,11.66,-,0,0,0
Michau Daniel du Preez,Namibia,3,2,2,62,33*,-,58,106.89,0,0,5,1,0,0,3,-,-,-,-,-,-,-,-,-,-,-,-
Jan Nicolaas Frylinck,Namibia,20,11,7,73,19*,18.25,62,117.74,0,0,4,2,11,0,20,19,385,378,35,Jun-24,Jun-24,10.8,5.89,11,1,1,0
Zane Edward Green,Namibia,19,14,3,106,26,9.63,107,99.06,0,0,7,3,14,5,19,-,-,-,-,-,-,-,-,-,-,-,-
Jan Nicol Loftie-Eaton,Namibia,3,2,0,24,18,12,26,92.3,0,0,3,0,1,0,3,3,42,44,1,Jan-20,Jan-20,44,6.28,42,0,0,0
Bernard Martinus Scholtz,Namibia,20,4,3,5,3*,5,10,50,0,0,0,0,3,0,20,20,418,391,28,04-Dec,04-Dec,13.96,5.61,14.9,1,0,0
Ben Shikongo,Namibia,15,1,0,0,0,0,1,0,0,0,0,0,4,0,15,14,210,197,13,02-Apr,02-Apr,15.15,5.62,16.1,0,0,0
Johannes Jonathan Smit,Namibia,18,15,4,363,59,33,233,155.79,0,1,19,22,11,0,18,13,295,310,19,Mar-19,Mar-19,16.31,6.3,15.5,0,0,0
Ruben Trumpelmann,Namibia,2,1,0,1,1,1,2,50,0,0,0,0,0,0,2,2,48,45,4,Feb-22,Feb-22,11.25,5.62,12,0,0,0
Michael van Lingen,Namibia,1,-,-,-,-,-,-,-,-,-,-,-,0,0,1,1,6,10,0,-,-,-,10,-,0,0,0
David Wiese,Namibia,23,14,4,112,28,11.2,92,121.73,0,0,7,3,10,0,23,23,464,594,27,May-23,May-23,22,7.68,17.1,0,1,0
Craig George Williams,Namibia,19,18,3,508,81,33.86,393,129.26,0,5,46,17,2,0,19,13,174,181,9,03-Sep,03-Sep,20.11,6.24,19.3,0,0,0
Helao Nafidi Ya France,Namibia,9,5,2,27,13,9,24,112.5,0,0,2,1,1,0,9,8,102,115,3,01-Mar,01-Mar,38.33,6.76,34,0,0,0
Pieter Marinus Seelaar,Netherlands,74,44,12,568,96*,17.75,498,114.05,0,1,41,12,32,0,74,62,1107,1268,56,Apr-19,Apr-19,22.64,6.87,19.7,1,0,0
Colin Niel Ackermann,Netherlands,11,11,3,243,43*,30.37,196,123.97,0,0,18,5,4,0,11,10,150,147,5,01-Jun,01-Jun,29.4,5.88,30,0,0,0
Philippe Ronald Peter Boissevain,Netherlands,7,3,1,14,7*,7,19,73.68,0,0,1,0,4,0,7,7,162,233,6,Feb-43,Feb-43,38.83,8.62,27,0,0,0
Benjamin Nicolas Cooper,Netherlands,56,53,11,1230,91*,29.28,984,125,0,9,116,38,35,0,56,-,-,-,-,-,-,-,-,-,-,-,-
Bas de Leede,Netherlands,13,11,2,221,81*,24.55,210,105.23,0,1,14,9,6,0,13,7,84,158,4,Feb-15,Feb-15,39.5,11.28,21,0,0,0
Scott Andrew Edwards,Netherlands,33,26,8,402,42*,22.33,293,137.2,0,0,39,8,25,4,33,-,-,-,-,-,-,-,-,-,-,-,-
Brandon Dale Glover,Netherlands,19,4,3,2,1*,2,8,25,0,0,0,0,3,0,19,19,390,448,28,04-Dec,04-Dec,16,6.89,13.9,2,0,0
Frederick Jack Klaassen,Netherlands,21,7,1,33,13,5.5,34,97.05,0,0,2,0,10,0,21,20,415,581,20,Mar-31,Mar-31,29.05,8.39,20.7,0,0,0
Stephanus Johannes Myburgh,Netherlands,33,32,2,741,71*,24.7,635,116.69,0,5,82,22,5,0,33,-,-,-,-,-,-,-,-,-,-,-,-
Maxwell Patrick O'Dowd,Netherlands,40,39,3,1038,133*,28.83,829,125.21,1,6,104,26,14,0,40,9,76,119,3,01-Jul,01-Jul,39.66,9.39,25.3,0,0,0
Ryan Neil ten Doeschate,Netherlands,22,22,10,533,59,44.41,400,133.25,0,3,27,19,4,0,22,10,210,245,13,Mar-23,Mar-23,18.84,7,16.1,0,0,0
Logan Verjus van Beek,Netherlands,8,4,1,7,4*,2.33,15,46.66,0,0,0,0,3,0,8,7,102,160,5,03-Sep,03-Sep,32,9.41,20.4,0,0,0
Timm van der Gugten,Australia,39,11,4,109,40*,15.57,81,134.56,0,0,4,6,9,0,39,38,713,847,40,03-Sep,03-Sep,21.17,7.12,17.8,0,0,0
Roelof Erasmus van der Merwe,Netherlands,43,29,12,454,75*,26.7,345,131.59,0,2,36,13,19,0,43,42,895,938,54,Apr-35,Apr-35,17.37,6.28,16.5,1,0,0
Paul Adriaan van Meekeren,Netherlands,45,11,2,44,18,4.88,44,100,0,0,1,3,14,0,45,43,889,1061,47,04-Nov,04-Nov,22.57,7.16,18.9,2,0,0
Madagamagamage Dasun Shanaka,Sri Lanka,49,47,8,611,54,15.66,576,106.07,0,2,39,30,14,0,49,23,241,291,15,Mar-16,Mar-16,19.39,7.24,16,0,0,0
Kariyawasam Indipalage Charith Asalanka,Sri Lanka,3,3,0,64,44,21.33,65,98.46,0,0,3,3,1,0,3,-,-,-,-,-,-,-,-,-,-,-,-
Pathira Vasan Dushmantha Chameera,Sri Lanka,31,15,7,38,12,4.75,54,70.37,0,0,3,0,7,0,31,31,650,842,31,Apr-17,Apr-17,27.16,7.77,20.9,1,0,0
Lokuge Dinesh Chandimal,Sri Lanka,59,52,6,939,66*,20.41,891,105.38,0,6,81,19,34,5,59,-,-,-,-,-,-,-,-,-,-,-,-
Mahamarakkala Kurukulasooriya Patabendige Akila Dananjaya Perera,Sri Lanka,31,15,7,61,11*,7.62,71,85.91,0,0,6,0,7,0,31,31,665,909,28,Mar-36,Mar-36,32.46,8.2,23.7,0,0,0
Pinnaduwage Wanindu Hasaranga de Silva,Sri Lanka,25,22,6,200,44,12.5,186,107.52,0,0,17,0,7,0,25,23,508,557,36,04-Sep,04-Sep,15.47,6.57,14.1,1,0,0
Dhananjaya Maduranga de Silva,Sri Lanka,23,22,2,412,62,20.6,380,108.42,0,2,32,6,6,0,23,12,144,171,5,Feb-22,Feb-22,34.2,7.12,28.8,0,0,0
Binura Fernando,Sri Lanka,4,2,1,28,20,28,26,107.69,0,0,2,1,0,0,4,4,86,114,5,Feb-33,Feb-33,22.8,7.95,17.2,0,0,0
Weerahandige Inol Avishka Fernando,Sri Lanka,22,21,0,273,37,13,284,96.12,0,0,24,4,5,0,22,-,-,-,-,-,-,-,-,-,-,-,-
Chamika Karunaratne,Sri Lanka,6,5,3,69,24*,34.5,55,125.45,0,0,1,5,1,0,6,5,64,89,1,Jan-34,Jan-34,89,8.34,64,0,0,0
Chandradasa Brahammana Ralalage Lahiru Sudesh Kumara,Sri Lanka,7,3,2,5,4,5,3,166.66,0,0,1,0,0,0,7,6,135,201,6,Feb-24,Feb-24,33.5,8.93,22.5,0,0,0
Pathum Nissanka Silva,Sri Lanka,4,3,0,81,39,27,70,115.71,0,0,8,2,1,0,4,-,-,-,-,-,-,-,-,-,-,-,-
Mathurage Don Kusal Janith Perera,Sri Lanka,52,51,0,1416,84,27.76,1071,132.21,0,12,129,49,13,5,52,-,-,-,-,-,-,-,-,-,-,-,-
Pramod Bhanuka Bandara Rajapaksa,Sri Lanka,10,9,1,165,77,20.62,127,129.92,0,1,12,10,0,0,10,-,-,-,-,-,-,-,-,-,-,-,-
Morawakage Maheesh Theekshana,Sri Lanka,3,1,0,0,0,0,2,0,0,0,0,0,1,0,3,3,72,93,1,Jan-35,Jan-35,93,7.75,72,0,0,0
Mohammad Nabi,Afghanistan,81,75,11,1396,89,21.81,958,145.72,0,4,87,83,45,0,81,80,1618,1944,72,04-Oct,04-Oct,27,7.2,22.4,3,0,0
Mohammad Asghar Afghan,Afghanistan,72,66,5,1341,62,21.98,1217,110.18,0,4,83,67,20,0,72,1,4,4,1,01-Apr,01-Apr,4,6,4,0,0,0
Fareed Ahmad Malik,Afghanistan,16,1,1,24,24*,-,15,160,0,0,4,0,1,0,16,16,329,457,21,Mar-35,Mar-35,21.76,8.33,15.6,0,0,0
Gulbadin Naib,Afghanistan,48,39,11,495,56*,17.67,408,121.32,0,1,34,24,18,0,48,31,450,621,17,Feb-24,Feb-24,36.52,8.27,26.4,0,0,0
Hamid Hassan,Afghanistan,22,9,6,50,22,16.66,46,108.69,0,0,3,2,2,0,22,22,478,523,32,Apr-22,Apr-22,16.34,6.56,14.9,1,0,0
Hashmatullah Shahidi,Afghanistan,4,2,2,1,1*,-,1,100,0,0,0,0,1,0,4,-,-,-,-,-,-,-,-,-,-,-,-
Hazratullah Zazai,Afghanistan,15,15,1,570,162*,40.71,367,155.31,1,2,49,40,2,0,15,-,-,-,-,-,-,-,-,-,-,-,-
Karim Janat,Afghanistan,27,18,2,268,53,16.75,237,113.08,0,1,20,12,6,0,27,27,559,766,29,05-Nov,05-Nov,26.41,8.22,19.2,0,1,0
Mohammad Shahzad Mohammadi,Afghanistan,65,65,3,1936,118*,31.22,1436,134.81,1,12,218,72,26,28,65,-,-,-,-,-,-,-,-,-,-,-,-
Mujeeb Ur Rahman,Afghanistan,19,3,3,8,8*,-,8,100,0,0,1,0,4,0,19,19,432,443,25,Apr-15,Apr-15,17.72,6.15,17.2,1,0,0
Najibullah Zadran,Afghanistan,63,54,22,1060,72*,33.12,745,142.28,0,4,69,57,31,0,63,-,-,-,-,-,-,-,-,-,-,-,-
Naveen-ul-Haq Murid,Afghanistan,8,2,1,7,5,7,7,100,0,0,1,0,1,0,8,8,168,195,13,Mar-21,Mar-21,15,6.96,12.9,0,0,0
Rahmanullah Gurbaz,Afghanistan,13,13,0,446,87,34.3,310,143.87,0,3,36,28,6,1,13,-,-,-,-,-,-,-,-,-,-,-,-
Rashid Khan Arman,Afghanistan,51,26,13,179,33,13.76,139,128.77,0,0,11,11,20,0,51,51,1158,1200,95,05-Mar,05-Mar,12.63,6.21,12.1,3,2,0
Usman Ghani,Afghanistan,23,23,2,551,73,26.23,496,111.08,0,3,55,15,12,0,23,-,-,-,-,-,-,-,-,-,-,-,-
Mohammad Mahmudullah,Bangladesh,102,94,21,1771,64*,24.26,1492,118.69,0,5,138,54,39,0,102,64,789,945,33,Mar-18,Mar-18,28.63,7.18,23.9,0,0,0
Afif Hossain Dhrubo,Bangladesh,28,23,3,373,52,18.64,302,123.5,0,1,28,14,8,0,28,10,108,139,7,02-Sep,02-Sep,19.85,7.72,15.4,0,0,0
Liton Kumar Das,Bangladesh,38,37,1,711,61,19.75,548,129.74,0,4,70,26,18,1,38,-,-,-,-,-,-,-,-,-,-,-,-
Mahedi Hasan,Bangladesh,18,12,2,120,23,12,124,96.77,0,0,6,4,7,0,18,18,348,416,15,02-Dec,02-Dec,27.73,7.17,23.2,0,0,0
Mohammad Naim Sheikh,Bangladesh,22,22,1,570,81,27.14,538,105.94,0,2,56,11,9,0,22,-,-,-,-,-,-,-,-,-,-,-,-
Mohammad Saifuddin,Bangladesh,25,14,4,172,39*,17.2,161,106.83,0,0,14,5,7,0,25,25,510,721,26,Apr-33,Apr-33,27.73,8.48,19.6,1,0,0
Mohammad Mushfiqur Rahim,Bangladesh,91,82,15,1321,72*,19.71,1143,115.57,0,5,111,33,38,29,91,-,-,-,-,-,-,-,-,-,-,-,-
Mustafizur Rahman,Bangladesh,52,18,6,47,15,3.91,67,70.14,0,0,3,3,12,0,52,52,1137,1418,76,May-22,May-22,18.65,7.48,14.9,2,1,0
Nasum Ahmed,Bangladesh,14,5,3,8,3*,4,18,44.44,0,0,0,0,2,0,14,14,270,280,18,04-Oct,04-Oct,15.55,6.22,15,2,0,0
Quazi Nurul Hasan,Bangladesh,22,19,7,173,30*,14.41,148,116.89,0,0,16,2,9,7,22,-,-,-,-,-,-,-,-,-,-,-,-
Shakib Al Hasan,Bangladesh,88,87,10,1763,84,22.89,1452,121.41,0,9,183,35,21,0,88,87,1953,2193,106,May-20,May-20,20.68,6.73,18.4,4,1,0
Shamim Hossain Patwari,Bangladesh,7,6,1,72,31*,14.4,50,144,0,0,9,2,5,0,7,2,12,11,0,-,-,-,5.5,-,0,0,0
Soumya Sarkar,Bangladesh,62,62,3,1109,68,18.79,903,122.81,0,5,109,43,30,0,62,20,222,354,9,Feb-19,Feb-19,39.33,9.56,24.6,0,0,0
Taskin Ahmed,Bangladesh,24,10,4,48,15*,8,47,102.12,0,0,6,1,2,0,24,22,430,601,15,Feb-32,Feb-32,40.06,8.38,28.6,0,0,0
Eoin Joseph Gerard Morgan,England,107,101,19,2360,91,28.78,1707,138.25,0,14,179,116,43,0,107,-,-,-,-,-,-,-,-,-,-,-,-
Moeen Munir Ali,England,38,35,8,437,72*,16.18,321,136.13,0,2,40,20,9,0,38,33,487,684,21,Feb-21,Feb-21,32.57,8.42,23.1,0,0,0
Jonathan Marc Bairstow,England,57,51,10,1143,86*,27.87,834,137.05,0,7,106,47,41,1,57,-,-,-,-,-,-,-,-,-,-,-,-
Samuel William Billings,England,32,29,4,417,87,16.68,325,128.3,0,2,39,12,16,1,32,-,-,-,-,-,-,-,-,-,-,-,-
Joseph Charles Buttler,England,82,74,15,1871,83*,31.71,1338,139.83,0,14,162,77,35,9,82,-,-,-,-,-,-,-,-,-,-,-,-
Thomas Kevin Curran,England,30,13,7,64,14*,10.66,56,114.28,0,0,1,4,8,0,30,29,588,907,29,Apr-36,Apr-36,31.27,9.25,20.2,1,0,0
Christopher James Jordan,England,65,38,18,296,36,14.8,222,133.33,0,0,21,14,36,0,65,64,1367,1984,73,04-Jun,04-Jun,27.17,8.7,18.7,2,0,0
Liam Stephen Livingstone,England,8,7,1,206,103,34.33,123,167.47,1,0,11,14,3,0,8,5,60,72,2,01-Aug,01-Aug,36,7.2,30,0,0,0
Dawid Johannes Malan,England,30,30,4,1123,103*,43.19,806,139.33,1,11,116,39,12,0,30,1,12,27,1,Jan-27,Jan-27,27,13.5,12,0,0,0
Tymal Solomon Mills,England,5,1,0,0,0,0,2,0,0,0,0,0,1,0,5,5,114,129,3,Jan-27,Jan-27,43,6.78,38,0,0,0
Adil Usman Rashid,England,62,21,12,58,9*,6.44,73,79.45,0,0,4,0,15,0,62,59,1266,1579,65,Apr-35,Apr-35,24.29,7.48,19.4,1,0,0
Jason Jonathan Roy,England,48,48,0,1193,78,24.85,819,145.66,0,6,125,54,9,0,48,-,-,-,-,-,-,-,-,-,-,-,-
David Jonathan Willey,England,32,21,8,182,29*,14,137,132.84,0,0,10,11,15,0,32,32,641,854,38,04-Jul,04-Jul,22.47,7.99,16.8,1,0,0
Christopher Roger Woakes,England,10,7,4,91,37,30.33,63,144.44,0,0,4,5,1,0,10,10,204,276,8,Feb-40,Feb-40,34.5,8.11,25.5,0,0,0
Mark Andrew Wood,England,17,2,2,10,5*,-,12,83.33,0,0,1,0,0,0,17,17,381,540,26,03-Sep,03-Sep,20.76,8.5,14.6,0,0,0
Samuel Matthew Curran,England,16,10,5,91,24,18.2,57,159.64,0,0,6,6,0,0,16,16,276,365,16,Mar-28,Mar-28,22.81,7.93,17.2,0,0,0
Andrew Balbirnie,Ireland,54,50,3,1109,83,23.59,878,126.3,0,4,128,15,24,0,54,-,-,-,-,-,-,-,-,-,-,-,-
Mark Richard Adair,Ireland,26,20,5,197,38,13.13,176,111.93,0,0,11,7,7,0,26,26,575,671,45,Apr-23,Apr-23,14.91,7,12.7,2,0,0
Curtis Campher,Ireland,4,4,1,40,22,13.33,27,148.14,0,0,3,1,1,0,4,4,67,102,3,Mar-19,Mar-19,34,9.13,22.3,0,0,0
Gareth James Delany,Ireland,26,24,4,465,89*,23.25,331,140.48,0,2,40,20,9,0,26,21,384,475,19,Feb-21,Feb-21,25,7.42,20.2,0,0,0
George Henry Dockrell,Ireland,86,44,19,363,34*,14.52,305,119.01,0,0,20,10,41,0,86,73,1382,1642,76,Apr-20,Apr-20,21.6,7.12,18.1,1,0,0
Shane Charles Getkate,Ireland,23,20,3,180,24,10.58,168,107.14,0,0,8,8,5,0,23,21,330,463,16,Mar-20,Mar-20,28.93,8.41,20.6,0,0,0
Graham Kennedy,Ireland,,,,,,,,,,,,,,,,,,,,,,,,,,,
Joshua Brian Little,Ireland,24,12,5,52,15*,7.42,67,77.61,0,0,4,1,6,0,24,23,498,676,18,Mar-29,Mar-29,37.55,8.14,27.6,0,0,0
Andrew Robert McBrine,Ireland,20,12,5,81,14*,11.57,83,97.59,0,0,6,1,6,0,20,14,198,239,13,02-Jul,02-Jul,18.38,7.24,15.2,0,0,0
Barry John McCarthy,Ireland,15,9,4,76,30*,15.2,68,111.76,0,0,5,3,0,0,15,15,319,525,14,Apr-33,Apr-33,37.5,9.87,22.7,1,0,0
Kevin Joseph O'Brien,Ireland,107,100,10,1934,124,21.48,1470,131.56,1,5,160,82,38,0,107,51,903,1134,58,Apr-45,Apr-45,19.55,7.53,15.5,1,0,0
Neil Alan Rock,Ireland,8,4,1,35,22,11.66,38,92.1,0,0,2,0,6,2,8,-,-,-,-,-,-,-,-,-,-,-,-
Simi Singh,Ireland,34,29,6,250,57*,10.86,222,112.61,0,1,16,8,10,0,34,34,596,739,29,Mar-15,Mar-15,25.48,7.43,20.5,0,0,0
Paul Robert Stirling,Ireland,89,88,7,2495,115*,30.8,1819,137.16,1,19,288,87,25,0,89,39,528,670,19,Mar-21,Mar-21,35.26,7.61,27.7,0,0,0
Harry Tom Tector,Ireland,25,23,5,413,60,22.94,323,127.86,0,1,30,11,13,0,25,-,-,-,-,-,-,-,-,-,-,-,-
Kyle James Coetzer,Scotland,63,61,2,1411,89,23.91,1172,120.39,0,6,148,45,21,0,63,5,66,71,5,Mar-25,Mar-25,14.2,6.45,13.2,0,0,0
Richard Douglas Berrington,Scotland,66,59,12,1517,100,32.27,1184,128.12,1,5,136,46,7,0,66,39,500,630,27,Mar-17,Mar-17,23.33,7.56,18.5,0,0,0
Dylan Evers Budge,Scotland,7,5,2,60,24,20,60,100,0,0,2,3,4,0,7,1,6,18,1,Jan-18,Jan-18,18,18,6,0,0,0
Matthew Henry Cross,Scotland,48,38,6,811,66*,25.34,647,125.34,0,5,81,23,25,12,48,-,-,-,-,-,-,-,-,-,-,-,-
Joshua Henry Davey,Scotland,23,11,6,94,24,18.8,67,140.29,0,0,7,3,13,0,23,22,488,668,25,Apr-34,Apr-34,26.72,8.21,19.5,1,0,0
Alasdair Campbell Evans,Scotland,31,7,1,2,1*,0.33,11,18.18,0,0,0,0,10,0,31,29,648,806,39,May-24,May-24,20.66,7.46,16.6,0,1,0
Christopher Nicholas Greaves,Scotland,1,-,-,-,-,-,-,-,-,-,-,-,0,0,1,1,24,17,1,Jan-17,Jan-17,17,4.25,24,0,0,0
Hamza Tahir,Scotland,12,-,-,-,-,-,-,-,-,-,-,-,5,0,12,12,282,387,20,Apr-30,Apr-30,19.35,8.23,14.1,1,0,0
Michael Alexander Leask,Scotland,35,26,3,298,58,12.95,246,121.13,0,1,18,15,20,0,35,26,441,591,22,Mar-20,Mar-20,26.86,8.04,20,0,0,0
Calum Scott MacLeod,Scotland,53,51,9,1114,74,26.52,977,114.02,0,7,98,22,27,0,53,14,174,209,5,Feb-17,Feb-17,41.8,7.2,34.8,0,0,0
Henry George Munsey,Scotland,43,41,3,1118,127*,29.42,729,153.36,1,7,132,50,13,0,43,-,-,-,-,-,-,-,-,-,-,-,-
Safyaan Mohammed Sharif,Scotland,46,21,11,140,26,14,117,119.65,0,0,9,3,11,0,46,45,948,1282,53,Apr-24,Apr-24,24.18,8.11,17.8,2,0,0
Craig Donald Wallace,Scotland,20,15,6,169,27,18.77,148,114.18,0,0,15,3,7,2,20,-,-,-,-,-,-,-,-,-,-,-,-
Mark Robert James Watt,Scotland,39,13,6,62,14*,8.85,46,134.78,0,0,7,1,7,0,39,37,822,980,49,May-27,May-27,20,7.15,16.7,0,1,0
Bradley Thomas James Wheal,Scotland,6,2,2,2,2*,-,2,100,0,0,0,0,1,0,6,6,122,167,5,Mar-20,Mar-20,33.4,8.21,24.4,0,0,0
Oliver James Hairs,Scotland,12,12,2,133,26,13.3,84,158.33,0,0,7,11,2,0,12,1,12,19,1,Jan-19,Jan-19,19,9.5,12,0,0,0
Temba Bavuma,South Africa,16,16,1,410,72,27.33,323,126.93,0,1,37,10,8,0,16,-,-,-,-,-,-,-,-,-,-,-,-
Quinton de Kock,South Africa,57,57,7,1758,79*,35.15,1289,136.38,0,11,179,65,49,15,57,-,-,-,-,-,-,-,-,-,-,-,-
Bjorn Carl Fortuin,South Africa,13,6,2,40,17*,10,32,125,0,0,6,0,4,0,13,13,246,270,14,Mar-16,Mar-16,19.28,6.58,17.5,0,0,0
Reeza Raphael Hendricks,South Africa,36,36,1,993,74,28.37,808,122.89,0,7,114,16,14,0,36,1,6,21,0,-,-,-,21,-,0,0,0
Heinrich Klaasen,South Africa,26,24,5,436,69,22.94,303,143.89,0,3,30,21,19,3,26,1,6,14,0,-,-,-,14,-,0,0,0
Keshav Athmanand Maharaj,South Africa,3,-,-,-,-,-,-,-,-,-,-,-,3,0,3,3,61,43,3,01-Oct,01-Oct,14.33,4.22,20.3,0,0,0
Aiden Kyle Markram,South Africa,15,13,1,426,70,35.5,289,147.4,0,4,36,19,13,0,15,5,66,86,5,Mar-21,Mar-21,17.2,7.81,13.2,0,0,0
David Andrew Miller,South Africa,90,80,25,1742,101*,31.67,1237,140.82,1,4,118,77,66,1,90,-,-,-,-,-,-,-,-,-,-,-,-
Pieter Willem Adriaan Mulder,South Africa,5,3,1,51,36,25.5,44,115.9,0,0,3,2,4,0,5,5,66,90,5,02-Oct,02-Oct,18,8.18,13.2,0,0,0
Lungisani True-man Ngidi,South Africa,23,5,1,7,4,1.75,17,41.17,0,0,0,0,3,0,23,23,473,706,36,Apr-19,Apr-19,19.61,8.95,13.1,1,0,0
Anrich Arno Nortje,South Africa,11,4,2,6,4*,3,17,35.29,0,0,0,0,1,0,11,11,234,290,9,Feb-29,Feb-29,32.22,7.43,26,0,0,0
Dwaine Pretorius,South Africa,17,9,4,169,77*,33.79,102,165.68,0,1,13,8,1,0,17,15,258,347,14,May-17,May-17,24.78,8.06,18.4,0,1,0
Kagiso Rabada,South Africa,35,13,9,89,22,22.25,74,120.27,0,0,9,3,8,0,35,35,757,1090,41,Mar-30,Mar-30,26.58,8.63,18.4,0,0,0
Tabraiz Shamsi,South Africa,42,8,5,4,2*,1.33,18,22.22,0,0,0,0,9,0,42,42,936,1060,49,Apr-25,Apr-25,21.63,6.79,19.1,2,0,0
Hendrik Erasmus van der Dussen,South Africa,29,26,5,756,74*,36,561,134.75,0,5,45,34,7,0,29,-,-,-,-,-,-,-,-,-,-,-,-
Kieron Adrian Pollard,West Indies,88,71,15,1378,75*,24.6,999,137.93,0,6,80,93,38,0,88,54,740,1039,38,Apr-25,Apr-25,27.34,8.42,19.4,1,0,0
Nicholas Pooran,West Indies,41,34,6,634,62*,22.64,511,124.07,0,3,46,37,23,3,41,-,-,-,-,-,-,-,-,-,-,-,-
Fabian Anthony Allen,West Indies,28,21,7,250,34,17.85,180,138.88,0,0,14,20,16,0,28,24,450,541,20,Feb-18,Feb-18,27.05,7.21,22.5,0,0,0
Dwayne John Bravo,West Indies,86,69,16,1229,66*,23.18,1063,115.61,0,4,71,54,44,0,86,73,1409,1899,76,Apr-19,Apr-19,24.98,8.08,18.5,3,0,0
Roston Lamar Chase,West Indies,,,,,,,,,,,,,,,,,,,,,,,,,,,
Andre David Stephon Fletcher,West Indies,54,52,7,950,84*,21.11,853,111.37,0,6,66,51,22,1,54,-,-,-,-,-,-,-,-,-,-,-,-
Christopher Henry Gayle,West Indies,74,70,7,1854,117,29.42,1332,139.18,2,14,155,121,18,0,74,29,375,433,19,Feb-15,Feb-15,22.78,6.92,19.7,0,0,0
Shimron Odilon Hetmyer,West Indies,37,30,3,539,61,19.96,461,116.91,0,2,30,28,13,0,37,-,-,-,-,-,-,-,-,-,-,-,-
Evin Lewis,West Indies,45,44,3,1318,125*,32.14,834,158.03,2,9,95,103,14,0,45,-,-,-,-,-,-,-,-,-,-,-,-
Obed  Christopher McCoy,West Indies,12,5,2,36,23,12,25,144,0,0,3,3,1,0,12,11,240,308,19,Apr-22,Apr-22,16.21,7.7,12.6,2,0,0
Ravindranath Rampaul,West Indies,23,6,5,12,8,12,21,57.14,0,0,0,0,2,0,23,23,497,705,29,Mar-16,Mar-16,24.31,8.51,17.1,0,0,0
Andre Dwayne Russell,West Indies,62,52,18,716,51,21.05,458,156.33,0,1,40,60,15,0,62,52,811,1241,36,Mar-43,Mar-43,34.47,9.18,22.5,0,0,0
Lendl Mark Platter Simmons,West Indies,66,65,10,1508,91*,27.41,1222,123.4,0,9,140,68,35,0,66,5,43,72,6,Apr-19,Apr-19,12,10.04,7.1,1,0,0
Oshane Romaine Thomas,West Indies,17,5,3,8,8*,4,11,72.72,0,0,2,0,1,0,17,16,330,504,19,May-28,May-28,26.52,9.16,17.3,0,1,0
Hayden Rashidi Walsh,West Indies,26,12,4,140,28,17.5,138,101.44,0,0,9,4,7,0,26,20,383,485,23,Mar-23,Mar-23,21.08,7.59,16.6,0,0,0
Virat Kohli,India,90,84,24,3159,94*,52.65,2272,139.04,0,28,285,90,42,0,90,12,146,198,4,Jan-13,Jan-13,49.5,8.13,36.5,0,0,0
Ravichandran Ashwin,India,46,11,7,123,31*,30.75,115,106.95,0,0,14,1,8,0,46,46,1026,1193,52,04-Aug,04-Aug,22.94,6.97,19.7,2,0,0
Jasprit Jasbirsingh Bumrah,India,50,6,4,8,7,4,13,61.53,0,0,1,0,7,0,50,49,1075,1195,59,03-Nov,03-Nov,20.25,6.66,18.2,0,0,0
Rahul Desraj Chahar,India,5,1,0,5,5,5,5,100,0,0,1,0,3,0,5,5,108,137,7,Mar-15,Mar-15,19.57,7.61,15.4,0,0,0
Ishan Pranav Kumar Pandey Kishan,India,3,3,1,80,56,40,55,145.45,0,1,6,5,0,1,3,-,-,-,-,-,-,-,-,-,-,-,-
Ravindrasinh Anirudhsinh Jadeja,India,50,24,10,217,44*,15.5,193,112.43,0,0,12,6,21,0,50,49,973,1152,39,Mar-48,Mar-48,29.53,7.1,24.9,0,0,0
Bhuvneshwar Kumar Singh,India,51,12,7,52,16,10.4,72,72.22,0,0,0,0,8,0,51,51,1091,1255,50,May-24,May-24,25.1,6.9,21.8,1,1,0
Mohammed Shami Ahmed,India,12,-,-,-,-,-,-,-,-,-,-,-,0,0,12,12,262,428,12,Mar-38,Mar-38,35.66,9.8,21.8,0,0,0
Hardik Himanshu Pandya,India,49,33,8,484,42*,19.36,333,145.34,0,0,27,30,30,0,49,45,815,1111,42,Apr-38,Apr-38,26.45,8.17,19.4,1,0,0
Rishabh Rajendra Pant,India,33,29,5,512,65*,21.33,416,123.07,0,2,39,21,9,5,33,-,-,-,-,-,-,-,-,-,-,-,-
Kannaur Lokesh Rahul,India,49,45,6,1557,110*,39.92,1095,142.19,2,12,138,63,18,1,49,-,-,-,-,-,-,-,-,-,-,-,-
Rohit Gurunath Sharma,India,111,103,15,2864,118,32.54,2061,138.96,4,22,252,133,41,0,111,9,68,113,1,Jan-22,Jan-22,113,9.97,68,0,0,0
Shardul Narendra Thakur,India,22,5,3,69,22*,34.5,35,197.14,0,0,5,4,4,0,22,21,455,691,31,Apr-27,Apr-27,22.29,9.11,14.6,1,0,0
Varun Chakravarthy Vinod,India,3,1,0,0,0,0,2,0,0,0,0,0,0,0,3,3,69,61,2,Jan-18,Jan-18,30.5,5.3,34.5,0,0,0
Suryakumar Ashok Yadav,India,4,3,0,139,57,46.33,82,169.51,0,2,14,7,7,0,4,-,-,-,-,-,-,-,-,-,-,-,-
Zeeshan Maqsood,Oman,31,26,4,547,56,24.86,490,111.63,0,2,66,12,9,0,31,21,396,447,18,04-Jul,04-Jul,24.83,6.77,22,1,0,0
Aqib Ilyas Sulehri,Oman,22,22,4,408,60,22.66,356,114.6,0,2,47,7,7,0,22,4,54,59,2,01-Sep,01-Sep,29.5,6.55,27,0,0,0
Ayaan Khan,Oman,,,,,,,,,,,,,,,,,,,,,,,,,,,
Bilal Khan,Oman,35,11,8,19,6*,6.33,30,63.33,0,0,1,0,8,0,35,34,733,829,51,Apr-19,Apr-19,16.25,6.78,14.3,3,0,0
Nestor Dhamba,Oman,,,,,,,,,,,,,,,,,,,,,,,,,,,
Ahmad Fayyaz Butt,Oman,14,6,4,57,25*,28.5,48,118.75,0,0,4,2,2,0,14,14,261,313,10,Mar-16,Mar-16,31.3,7.19,26.1,0,0,0
Jatinder Singh,Oman,28,28,3,697,68*,27.88,611,114.07,0,3,72,8,12,0,28,1,12,17,0,-,-,-,8.5,-,0,0,0
Kaleemullah,Oman,8,3,0,24,15,8,14,171.42,0,0,0,3,1,0,8,8,138,170,3,Feb-23,Feb-23,56.66,7.39,46,0,0,0
Khawar Ali,Oman,32,31,2,601,72*,20.72,603,99.66,0,2,66,14,12,0,32,30,546,590,35,Apr-16,Apr-16,16.85,6.48,15.6,2,0,0
Khurram Nawaz Khan,Oman,19,14,3,216,58,19.63,185,116.75,0,1,12,10,3,0,19,-,-,-,-,-,-,-,-,-,-,-,-
Mohammad Nadeem,Oman,25,14,3,97,29,8.81,111,87.38,0,0,7,1,8,0,25,25,462,520,24,Apr-23,Apr-23,21.66,6.75,19.2,1,0,0
Muhammad Naseem Khushi,Oman,13,9,2,119,29,17,82,145.12,0,0,6,8,2,0,13,-,-,-,-,-,-,-,-,-,-,-,-
Sandeep Goud,Oman,15,8,3,89,31*,17.8,90,98.88,0,0,4,3,5,0,15,2,36,48,2,Feb-36,Feb-36,24,8,18,0,0,0
Sufyan Mehmood,Oman,4,2,1,19,13*,19,41,46.34,0,0,2,0,1,0,4,4,51,59,2,Jan-20,Jan-20,29.5,6.94,25.5,0,0,0
Suraj Kumar,Oman,16,10,2,105,42*,13.12,94,111.7,0,0,9,3,7,2,16,-,-,-,-,-,-,-,-,-,-,-,-
Mohammad Babar Azam,Pakistan,61,56,9,2204,122,46.89,1687,130.64,1,20,231,33,29,0,61,-,-,-,-,-,-,-,-,-,-,-,-
Shadab Khan,Pakistan,53,22,7,226,42,15.06,178,126.96,0,0,13,12,19,0,53,49,1083,1336,58,Apr-14,Apr-14,23.03,7.4,18.6,1,0,0
Asif Ali,Pakistan,29,27,6,344,41*,16.38,278,123.74,0,0,15,19,10,0,29,-,-,-,-,-,-,-,-,-,-,-,-
Fakhar Zaman,Pakistan,53,48,1,1021,91,21.72,749,136.31,0,5,112,34,26,0,53,1,6,12,0,-,-,-,12,-,0,0,0
Haider Ali,Pakistan,15,14,1,256,66*,19.69,194,131.95,0,2,22,12,3,0,15,-,-,-,-,-,-,-,-,-,-,-,-
Haris Rauf,Pakistan,23,3,1,6,6,3,7,85.71,0,0,0,1,6,0,23,21,471,702,28,Mar-29,Mar-29,25.07,8.94,16.8,0,0,0
Hasan Ali,Pakistan,41,17,10,119,23,17,63,188.88,0,0,6,10,9,0,41,40,817,1130,52,Apr-18,Apr-18,21.73,8.29,15.7,1,0,0
Syed Imad Wasim,Pakistan,52,36,11,328,47,13.12,224,146.42,0,0,34,8,20,0,52,51,1104,1178,51,May-14,May-14,23.09,6.4,21.6,1,1,0
Mohammad Hafeez,Pakistan,113,103,11,2429,99*,26.4,2008,120.96,0,14,241,74,29,0,113,75,1225,1336,60,04-Oct,04-Oct,22.26,6.54,20.4,1,0,0
Mohammad Nawaz,Pakistan,24,9,3,70,25*,11.66,70,100,0,0,4,3,9,0,24,24,462,544,20,02-Nov,02-Nov,27.2,7.06,23.1,0,0,0
Mohammad Rizwan,Pakistan,43,32,10,1065,104*,48.4,825,129.09,1,8,96,30,20,6,43,-,-,-,-,-,-,-,-,-,-,-,-
Mohammad Wasim,Pakistan,4,1,1,1,1*,-,3,33.33,0,0,0,0,1,0,4,4,38,69,2,Jan-20,Jan-20,34.5,10.89,19,0,0,0
Sarfaraz Ahmed,Pakistan,60,41,12,812,89*,28,641,126.67,0,3,79,15,36,10,60,-,-,-,-,-,-,-,-,-,-,-,-
Shaheen Shah Afridi,Pakistan,30,4,3,19,10*,19,18,105.55,0,0,1,1,8,0,30,30,644,877,32,Mar-20,Mar-20,27.4,8.17,20.1,0,0,0
Shoaib Malik,Pakistan,116,106,31,2335,75,31.13,1880,124.2,0,8,192,61,50,0,116,48,558,659,28,02-Jul,02-Jul,23.53,7.08,19.9,0,0,0
Sohaib Maqsood,Pakistan,26,22,2,273,37,13.65,234,116.66,0,0,20,11,7,0,26,1,6,12,0,-,-,-,12,-,0,0,0
Asadollah Vala,P.N.G.,28,26,4,516,68,23.45,473,109.09,0,3,47,13,14,0,28,18,293,286,22,03-Jul,03-Jul,13,5.85,13.3,0,0,0
Charles Jordan Alewa Amini,P.N.G.,25,20,4,419,60,26.18,359,116.71,0,2,20,14,5,0,25,23,426,422,21,Feb-13,Feb-13,20.09,5.94,20.2,0,0,0
Simon Kwalahu Atai,P.N.G.,4,2,1,28,28*,28,26,107.69,0,0,2,0,1,0,4,2,24,31,0,-,-,-,7.75,-,0,0,0
Sese Bau,P.N.G.,25,19,4,401,40*,26.73,372,107.79,0,0,25,12,8,0,25,12,102,102,4,02-Apr,02-Apr,25.5,6,25.5,0,0,0
Kiplin Doriga,P.N.G.,19,13,1,119,43*,9.91,125,95.19,0,0,3,3,16,1,19,-,-,-,-,-,-,-,-,-,-,-,-
Hiri Hiri,P.N.G.,5,4,0,9,4,2.25,15,60,0,0,0,0,0,0,5,1,6,5,0,-,-,-,5,-,0,0,0
Jason Kila,P.N.G.,14,7,4,64,27*,21.33,36,177.77,0,0,4,5,3,0,14,9,102,99,3,01-May,01-May,33,5.82,34,0,0,0
Kabua Vagi Morea,P.N.G.,1,-,-,-,-,-,-,-,-,-,-,-,0,0,1,1,18,30,0,-,-,-,10,-,0,0,0
Nosaina Pokana,P.N.G.,21,7,5,20,8*,10,28,71.42,0,0,0,0,6,0,21,20,383,381,21,Mar-21,Mar-21,18.14,5.96,18.2,0,0,0
Damien Apa Ravu,P.N.G.,18,4,1,10,6,3.33,9,111.11,0,0,1,0,5,0,18,17,271,256,24,May-15,May-15,10.66,5.66,11.2,1,1,0
Lega Siaka,P.N.G.,26,22,2,296,39,14.8,271,109.22,0,0,26,7,20,0,26,5,72,56,9,Mar-16,Mar-16,6.22,4.66,8,0,0,0
Chad Aiwati Soper,P.N.G.,15,6,4,37,19,18.5,41,90.24,0,0,0,3,2,0,15,14,234,210,16,Mar-13,Mar-13,13.12,5.38,14.6,0,0,0
Gaudi Toka,P.N.G.,,,,,,,,,,,,,,,,,,,,,,,,,,,
Tony Pala Ura,P.N.G.,25,25,5,754,107*,37.7,533,141.46,1,5,59,35,8,0,25,-,-,-,-,-,-,-,-,-,-,-,-
Norman Vanua,P.N.G.,27,24,9,344,54,22.93,228,150.87,0,1,13,24,8,0,27,25,490,505,35,May-17,May-17,14.42,6.18,14,1,1,0
Aaron James Finch,Australia,76,76,10,2473,172,37.46,1646,150.24,2,15,248,107,33,0,76,2,12,27,0,-,-,-,13.5,-,0,0,0
Ashton Charles Agar,Australia,39,23,4,214,29,11.26,206,103.88,0,0,15,6,26,0,39,39,810,911,42,Jun-30,Jun-30,21.69,6.74,19.2,0,2,0
Daniel Trevor Christian,Australia,23,14,6,118,39,14.75,93,126.88,0,0,7,6,6,0,23,21,279,398,13,Mar-27,Mar-27,30.61,8.55,21.4,0,0,0
Patrick James Cummins,Australia,30,13,6,48,13*,6.85,42,114.28,0,0,3,2,9,0,30,30,660,763,37,Mar-15,Mar-15,20.62,6.93,17.8,0,0,0
Nathan Ellis,Australia,2,1,0,1,1,1,7,14.28,0,0,0,0,0,0,2,2,48,50,5,Mar-34,Mar-34,10,6.25,9.6,0,0,0
Josh Reginald Hazlewood,Australia,17,4,2,19,13*,9.5,11,172.72,0,0,2,1,2,0,17,17,400,532,21,Apr-30,Apr-30,25.33,7.98,19,1,0,0
Joshua Patrick Inglis,Australia,,,,,,,,,,,,,,,,,,,,,,,,,,,
Mitchell Ross Marsh,Australia,30,30,5,700,75,28,582,120.27,0,4,53,27,12,0,30,17,210,268,15,Mar-24,Mar-24,17.86,7.65,14,0,0,0
Glenn James Maxwell,Australia,72,65,9,1780,145*,31.78,1120,158.92,3,9,147,93,35,0,72,47,648,811,31,03-Oct,03-Oct,26.16,7.5,20.9,0,0,0
Kane William Richardson,Australia,26,5,2,16,9,5.33,15,106.66,0,0,0,0,12,0,26,26,534,705,29,Mar-18,Mar-18,24.31,7.92,18.4,0,0,0
Daniel Richard Sams,Australia,4,4,2,54,41,27,23,234.78,0,0,4,4,2,0,4,4,82,156,4,Feb-40,Feb-40,39,11.41,20.5,0,0,0
Steven Peter Devereux Smith,Australia,45,37,8,794,90,27.37,613,129.52,0,4,66,21,29,0,45,17,291,377,17,Mar-20,Mar-20,22.17,7.77,17.1,0,0,0
Mitchell Aaron Starc,Australia,41,15,8,70,14,10,73,95.89,0,0,3,1,13,0,41,41,924,1113,51,03-Nov,03-Nov,21.82,7.22,18.1,0,0,0
Marcus Peter Stoinis,Australia,28,23,8,376,78,25.06,281,133.8,0,1,34,13,13,0,28,18,254,359,10,Feb-27,Feb-27,35.9,8.48,25.4,0,0,0
Mitchell Joseph Swepson,Australia,7,4,4,30,14*,-,22,136.36,0,0,1,2,4,0,7,7,138,173,11,03-Dec,03-Dec,15.72,7.52,12.5,0,0,0
Matthew Scott Wade,Australia,48,39,5,655,80,19.26,529,123.81,0,3,48,25,26,3,48,-,-,-,-,-,-,-,-,-,-,-,-
David Andrew Warner,Australia,81,81,9,2265,100*,31.45,1621,139.72,1,18,218,89,44,0,81,-,-,-,-,-,-,-,-,-,-,-,-
Adam Zampa,Australia,50,12,6,44,13*,7.33,45,97.77,0,0,4,0,9,0,50,49,1049,1218,52,Mar-14,Mar-14,23.42,6.96,20.1,0,0,0
Kane Stuart Williamson,New Zealand,67,65,8,1805,95,31.66,1443,125.08,0,13,182,41,32,0,67,12,118,164,6,Feb-16,Feb-16,27.33,8.33,19.6,0,0,0
Todd Duncan Astle,New Zealand,4,2,0,4,3,2,10,40,0,0,0,0,3,0,4,4,60,82,7,Apr-13,Apr-13,11.71,8.19,8.5,1,0,0
Trent Alexander Boult,New Zealand,34,10,5,28,8,5.6,38,73.68,0,0,2,0,13,0,34,34,755,1074,46,Apr-34,Apr-34,23.34,8.53,16.4,1,0,0
Mark Sinclair Chapman,New Zealand,30,28,4,535,63*,22.29,456,117.32,0,1,44,15,10,0,30,6,78,95,4,01-Sep,01-Sep,23.75,7.3,19.5,0,0,0
Devon Philip Conway,New Zealand,14,11,3,473,99*,59.12,313,151.11,0,4,49,14,6,1,14,-,-,-,-,-,-,-,-,-,-,-,-
Lachlan Hammond Ferguson,New Zealand,13,1,0,1,1,1,3,33.33,0,0,0,0,4,0,13,13,276,316,24,May-21,May-21,13.16,6.86,11.5,0,1,0
Martin James Guptill,New Zealand,102,98,7,2939,105,32.29,2148,136.82,2,17,256,147,58,0,102,1,6,11,0,-,-,-,11,-,0,0,0
Kyle Alex Jamieson,New Zealand,8,4,2,41,30,20.5,27,151.85,0,0,7,0,3,0,8,8,172,281,4,Feb-15,Feb-15,70.25,9.8,43,0,0,0
Daryl Joseph Mitchell,New Zealand,15,13,4,148,34*,16.44,108,137.03,0,0,13,4,8,0,15,6,67,110,5,Feb-27,Feb-27,22,9.85,13.4,0,0,0
James Douglas Sheahan Neesham,New Zealand,29,22,7,324,48*,21.6,206,157.28,0,0,28,19,9,0,29,23,313,493,18,Mar-16,Mar-16,27.38,9.45,17.3,0,0,0
Glenn Dominic Phillips,New Zealand,25,22,4,506,108,28.11,338,149.7,1,2,39,29,17,2,25,4,45,57,2,01-Nov,01-Nov,28.5,7.6,22.5,0,0,0
Mitchell Josef Santner,New Zealand,52,37,15,335,37,15.22,264,126.89,0,0,24,11,24,0,52,51,1046,1287,60,04-Nov,04-Nov,21.45,7.38,17.4,2,0,0
Tim Louis Seifert,New Zealand,35,32,4,695,84*,24.82,522,133.14,0,5,57,37,20,6,35,-,-,-,-,-,-,-,-,-,-,-,-
Inderbir Singh Sodhi,New Zealand,57,10,4,76,16*,12.66,70,108.57,0,0,4,5,16,0,57,55,1179,1586,73,Apr-28,Apr-28,21.72,8.07,16.1,2,0,0
Timothy Grant Southee,New Zealand,83,35,13,249,39,11.31,174,143.1,0,0,16,16,44,0,83,81,1782,2492,99,May-18,May-18,25.17,8.39,18,1,1,0